{"cam_K": [1075.65091572, 0.0, 364.06888344, 0.0, 1073.90347929, 315.72159802, 0.0, 0.0, 1.0], "cam_R_w2c": [-0.965407, 0.25961, 0.0243464, 0.0777428, 0.375705, -0.923473, -0.24889, -0.889634, -0.382891], "cam_t_w2c": [-3.93517, -10.0307, 796.314], "depth_scale": 0.1, "elev": 25, "mode": 0}

