{"cam_K": [1066.778, 0.0, 312.9869, 0.0, 1067.487, 241.3109, 0.0, 0.0, 1.0], "cam_R_w2c": [0.856275, -0.51275, -0.0622977, -0.291809, -0.380704, -0.877446, 0.426193, 0.769514, -0.475612], "cam_t_w2c": [58.92387852359998, 34.832329977999954, 938.229240508], "depth_scale": 0.1}

